,Mean,Median,Mode,Standard Deviation
PassengerId,447.883008356546,447.5,1.0,259.54977694514804
Survived,0.3342618384401114,0.0,0.0,0.4720606164749837
Pclass,2.512534818941504,3.0,3.0,0.7158176865876542
Age,28.079387186629525,28.0,28.0,10.012368566434667
SibSp,0.4136490250696379,0.0,0.0,0.8550010721683848
Parch,0.31754874651810583,0.0,0.0,0.784791709695329
Fare,17.193203760445684,11.75,8.05,13.244507195747767
